인사캠,(주)스팅코,STINKO 채용 설명회,17.04.06 15:00 ~ 17:00,종료
자과캠,한화시스템(주),2017 상반기 한화시스템 채용설명회,17.04.13 17:00 ~ 19:00,종료
자과캠,삼성전자,삼성 대학생 프로그래밍 경진대회 설명회,17.04.10 14:00 ~ 16:00,종료
인사캠,(주)이랜드월드,[이랜드전략기획] Global ESI 17년 하계 인턴 채용설명회,17.04.27 14:00 ~ 15:30,종료
자과캠,현대제철,2017 상반기 현대제철 대졸신입사원/인턴십 채용설명회,17.03.09 17:00 ~ 18:30,종료
인사캠,삼성물산,삼성물산 상사부문 채용설명회,17.03.10 16:30 ~ 18:00,종료
인사캠,SK그룹,2017 SK 상반기 인턴/신입사원 모집,17.03.17 14:00 ~ 17:00,종료
인사캠,한영회계법인,EY한영회계법인 채용설명회,17.06.27 16:00 ~ 18:00,-
,삼정회계법인,삼정회계법인 2017년 채용설명회,17.06.28 16:00 ~ 18:00,-
인사캠,,,,
인사캠,HOPES,■해외근무■HOPES Corporation 신입사원 모집중,17.06.29 11:00 ~ 12:00,-
인사캠,삼일회계법인,삼일회계법인 채용설명회,17.06.29 16:00 ~ 18:00,-
,,,,
